favorites_count,id,retweet_count
35938,892420643555336193,7633
31019,892177421306343426,5644
23337,891815181378084864,3742
39230,891689557279858688,7806
37472,891327558926688256,8398
18886,891087950875897856,2818
10972,890971913173991426,1835
60561,890729181411237888,17041
25982,890609185150312448,3880
29690,890240255349198849,6636
28575,890006608113172480,6621
26002,889880896479866881,4501
44739,889665388333682689,9026
25186,889638837579907072,4050
14116,889531135344209921,2039
23468,889278841981685760,4820
27119,888917238123831296,4060
23823,888804989199671297,3827
18380,888554962724278272,3143
20294,888078434458587136,3137
28188,887705289381826560,4878
43209,887517139158093824,10647
64040,887473957103951883,16269
31363,887343217045368832,9473
28545,887101392804085760,5397
32510,886983233522544640,6933
11159,886736880519319552,2904
20945,886680336477933568,4046
19691,886366144734445568,2861
111,886267009285017600,4
26074,886258384151887873,5711
0,886054160059072513,100
30364,885984800019947520,6074
33464,885528943205470208,5778
19076,885518971528720385,3378
0,885311592912609280,16729
20382,885167619883638784,3947
71779,884925521741709313,16342
25926,884876753390489601,5040
22651,884562892145688576,4252
25264,884441805382717440,5148
67589,884247878851493888,18368
19009,884162670584377345,2710
20361,883838122936631299,3101
42683,883482846933004288,8931
21124,883360690899218434,3348
34587,883117836046086144,6012
22261,882992080364220416,3515
26321,882762694511734784,4417
26088,882627270321602560,5494
41760,882268110199369728,10468
27320,882045870035918850,4415
22686,881906580714921986,3076
47222,881666595344535552,9655
116,881633300179243008,7
46110,881536004380872706,14465
21657,881268444196462592,4782
15943,880935762899988482,2532
19837,880872448815771648,3468
26528,880465832366813184,5626
25130,880221127280381952,3776
25745,880095782870896641,3931
20861,879862464715927552,3164
293,879674319642796034,10
21906,879492040517615616,2893
98631,879415818425184262,40278
15687,879376492567855104,2836
0,879130579576475649,6167
21023,879050749262655488,4264
17735,879008229531029506,2429
18078,878776093423087618,3710
28104,878604707211726852,6418
0,878404777348136964,1166
0,878316110768087041,6029
7215,878281511006478336,1166
39280,878057613040115712,6167
73985,877736472329191424,17191
0,877611172832227328,73
21184,877556246731214848,3452
25589,877316821321428993,4727
25310,877201837425926144,5061
19326,876838120628539392,3031
22124,876537666061221889,4269
17548,876484053909872640,2149
26147,876120275196170240,4243
23514,875747767867523072,3885
20505,875144289856114688,4462
25642,875097192612077568,5528
23854,875021211251597312,4291
26014,874680097055178752,4213
0,874434818259525634,13228
24366,874296783580663808,3748
21267,874057562936811520,3630
32065,874012996292530176,9334
22689,873580283840344065,3594
0,873337748698140672,1449
6706,873213775632977920,1449
25532,872967104147763200,4943
13813,872820683541237760,3402
19439,872620804844003328,3332
38238,872486979161796608,8270
32171,872122724285648897,7392
35278,871879754684805121,10035
18980,871762521631449091,3198
18945,871515927908634625,3187
0,871166179821445120,5239
19656,871102520638267392,5046
21364,871032628920680449,3507
31635,870804317367881728,5684
114,870726314365509632,3
11608,870656317836468226,2413
78121,870374049280663552,24361
20620,870308999962521604,3811
34368,870063196459192321,7639
40090,869772420881756160,9331
26581,869702957897576449,5806
15042,869596645499047938,2877
19252,869227993411051520,3479
61683,868880397819494401,13310
0,868639477480148993,1916
25155,868622495443632128,4891
9504,868552278524837888,1916
22863,867900495410671616,3860
32085,867774946302451713,6794
15196,867421006826221569,2303
0,867072653475098625,110
30473,867051520902168576,7301
18923,866720684873056260,4447
18233,866686824827068416,3236
115682,866450705531457537,32656
49572,866334964761202691,13228
0,866094527597207552,7780
24315,865718153858494464,5220
25069,865359393868664832,4651
26580,865006731092295680,7158
30601,864873206498414592,8090
13823,864279568663928832,2813
28442,864197398364647424,8241
19554,863907417377173506,3850
14508,863553081350529029,3913
0,863471782782697472,2268
22597,863432100342583297,4894
2093,863427515083354112,89
8347,863079547188785154,1037
8032,863062471531167744,2268
18252,862831371563274240,4812
16274,862722525377298433,3305
19458,862457590147678208,4612
70632,862096992088072192,21651
34353,861383897657036800,10026
16355,861288531465048066,3875
15914,861005113778896900,3573
0,860981674716409858,2011
0,860924035999428608,748
7139,860563773140209665,2011
22562,860524505164394496,4983
17534,860276583193509888,3295
15917,860184849394610176,5492
0,860177593139703809,29092
18708,859924526012018688,3862
14752,859851578198683649,3307
17818,859607811541651456,1473
85926,859196978902773760,28408
32353,859074603037188101,12849
0,858860390427611136,7661
14931,858843525470990336,3286
20606,858471635011153920,4593
15104,858107933456039936,2742
15435,857989990357356544,2456
32863,857746408056729600,10070
5647,857393404942143489,1557
19269,857263160327368704,4288
215,857214891891077121,17
0,857062103051644929,161
18110,857029823797047296,3776
15710,856543823941562368,2740
11423,856526610513747968,1784
0,856330835276025856,637
494,856288084350160898,15
26735,856282028240666624,5994
324,855862651834028034,24
4739,855860136149123072,934
11456,855857698524602368,2012
44183,855851453814013952,17224
25733,855818117272018944,5185
28780,855459453768019968,7868
0,855245323840757760,5691
0,855138241867124737,43
22022,854732716440526848,5810
28351,854482394044301312,6575
18298,854365224396361728,4504
31007,854120357044912130,7168
15736,854010172552949760,3025
27733,853760880890318849,5522
33648,853639147608842240,9664
15054,853299958564483072,3436
0,852936405516943360,1924
8778,852912242202992640,1745
14501,852672615818899456,2079
15861,852553447878664193,3347
32290,852311364735569921,9606
19483,852226086759018497,6625
11174,852189679701164033,1540
0,851861385021730816,19
15877,851591660324737024,3363
23685,851464819735769094,6841
20213,851224888060895234,5567
30107,850753642995093505,8838
12814,850380195714523136,2529
3381,850333567704068097,319
15980,850145622816686080,3687
19959,850019790995546112,4734
29776,849776966551130114,7375
0,849668094696017920,4815
15542,849412302885593088,3072
11192,849336543269576704,1849
41499,849051919805034497,8248
24701,848690551926992896,4217
24229,848324959059550208,4507
8026,848213670039564288,710
16018,848212111729840128,2959
0,847978865427394560,3173
0,847971574464610304,422
23099,847962785489326080,4948
5338,847842811428974592,1295
6862,847617282490613760,402
18459,847606175596138505,3352
20159,847251039262605312,4224
19566,847157206088847362,5730
21113,847116187444137987,3112
19777,846874817362120707,3844
43901,846514051647705089,11284
13877,846505985330044928,3007
31099,846153765933735936,8848
30586,846139713627017216,9821
15729,846042936437604353,2803
28777,845812042753855489,8518
24832,845677943972139009,4702
7515,845397057150107648,1764
23010,845306882940190720,5287
0,845098359547420673,7501
13455,844979544864018432,2507
14873,844973813909606400,3124
16264,844580511645339650,3062
13488,844223788422217728,2160
14996,843981021012017153,2899
21188,843856843873095681,4545
16687,843604394117681152,2694
21272,843235543001513987,5920
15114,842846295480000512,3583
6656,842765311967449089,1257
17911,842535590457499648,3457
24162,842163532590374912,5691
13835,842115215311396866,2989
0,841833993020538882,14827
25488,841680585030541313,7699
12523,841439858740625411,3632
19622,841320156043304961,5426
15685,841314665196081154,4584
22647,841077006473256960,5238
0,840761248237133825,1744
0,840728873075638272,15888
172,840698636975636481,2
12184,840696689258311684,962
8916,840632337062862849,1744
16318,840370681858686976,4495
19107,840268004936019968,5649
13315,839990271299457024,2249
27252,839549326359670784,7661
0,839290600511926273,141
26914,839239871831150596,6450
19520,838952994649550848,3950
11068,838921590096166913,2040
0,838916489579200512,35
0,838831947270979586,10889
10877,838561493054533637,1322
22349,838476387338051585,4720
0,838201503651401729,9946
1663,838150277551247360,328
138,838085839343206401,1
17509,838083903487373313,3099
33885,837820167694528512,7780
3834,837482249356513284,439
12706,837471256429613056,2255
15967,837110210464448512,2344
12704,836989968035819520,2276
19241,836753516572119041,4604
12560,836677758902222849,2207
0,836648853927522308,554
0,836397794269200385,27295
14697,836380477523124226,2968
21225,836260088725786625,4268
19011,836001077879255040,4223
0,835685285446955009,8072
17725,835574547218894849,3593
0,835536468978302976,1687
0,835309094223372289,20777
16410,835297930240217089,2987
7707,835264098648616962,1687
2091,835246439529840640,73
26060,835172783151792128,5732
22322,835152434251116546,2992
10760,834931633769889797,1627
21299,834786237630337024,5459
13612,834574053763584002,2518
0,834477809192075265,10577
9578,834458053273591808,1672
20504,834209720923721728,4725
15781,834167344700198914,3644
10021,834089966724603904,2121
13037,834086379323871233,2194
13402,833863086058651648,2397
18030,833826103416520705,3754
0,833732339549220864,221
20761,833722901757046785,3204
14813,833479644947025920,2044
20155,833124694597443584,4815
13235,832998151111966721,2194
0,832769181346996225,39
16843,832757312314028032,3607
11855,832682457690300417,2900
2915,832645525019123713,530
15818,832636094638288896,2771
11950,832397543355072512,2215
17170,832369877331693569,3173
11345,832273440279240704,2333
0,832215909146226688,6189
0,832215726631055365,9293
62,832088576586297345,2
0,832040443403784192,9598
17844,832032802820481025,4642
23962,831939777352105988,6118
335,831926988323639298,34
27588,831911600680497154,6486
10422,831670449226514432,1811
7122,831650051525054464,1924
8967,831552930092285952,2310
9271,831322785565769729,1547
6538,831315979191906304,1124
11758,831309418084069378,2462
11904,831262627380748289,2040
7965,830956169170665475,1495
66802,830583320585068544,16729
0,830173239259324417,5673
9788,830097400375152640,2932
0,829878982036299777,5005
12240,829861396166877184,1939
31742,829501995190984704,10577
10473,829449946868879360,2016
24404,829141528400556032,7334
53171,829011960981237760,16290
0,828801551087042563,3420
25596,828770345708580865,5859
36524,828708714936930305,11170
9507,828650029636317184,1345
6352,828409743546925057,1164
7685,828408677031882754,1291
12588,828381636999917570,2214
7381,828376505180889089,1071
12584,828372645993398273,2937
2197,828361771580813312,172
11751,828046555563323392,2877
10367,828011680017821696,2151
20123,827933404142436356,5247
15535,827653905312006145,3024
7457,827600520311402496,945
15872,827324948884643840,3050
10591,827199976799354881,2220
21614,826958653328592898,5005
36431,826848821049180160,10177
0,826615380357632002,3993
5135,826598799820865537,252
10077,826598365270007810,2340
18443,826476773533745153,4198
13330,826240494070030336,2617
4896,826204788643753985,926
15686,826115272272650244,3121
10518,825876512159186944,1872
12775,825829644528148480,2494
57043,825535076884762624,17602
18341,825147591692263424,4559
0,825120256414846976,1257
6326,825026590719483904,1257
0,824796380199809024,5508
14957,824775126675836928,3526
10564,824663926340194305,1781
11877,824325613288833024,10559
15112,824297048279236611,3871
4847,824025158776213504,603
10662,823939628516474880,2716
0,823719002937630720,11235
14037,823699002998870016,2532
13081,823581115634085888,2632
703,823333489516937216,25
15795,823322678127919110,4038
0,823269594223824897,9924
17399,822975315408461824,3464
132192,822872901745569793,43427
13322,822859134160621569,2286
0,822647212903690241,6432
14887,822610361945911296,2969
18249,822489057087389700,6432
28165,822462944365645825,14380
35110,822244816520155136,9924
0,822163064745328640,4789
11372,821886076407029760,2319
0,821813639212650496,3374
8459,821765923262631936,1667
8070,821522889702862852,1767
0,821421320206483457,5620
11829,821407182352777218,4354
257,821153421864615936,10
8692,821149554670182400,1992
9657,821107785811234820,2146
12738,821044531881721856,2298
0,820837357901512704,6773
31740,820749716845686786,9946
12281,820690176645140481,3250
0,820494788566847489,568
0,820446719150292993,2583
3367,820314633777061888,567
19944,820078625395449857,6329
0,820013781606658049,1181
5361,819952236453363712,1181
12993,819924195358416896,4915
13456,819711362133872643,3130
9710,819588359383371776,2003
7265,819347104292290561,1215
2282,819238181065359361,410
23229,819227688460238848,6773
0,819015337530290176,37122
0,819015331746349057,19088
45622,819006400881917954,19088
87559,819004803107983360,37122
0,818646164899774465,21155
22574,818627210458333184,7592
9923,818614493328580609,2583
0,818588835076603904,6195
10991,818536468981415936,2475
0,818307523543449600,8158
11107,818259473185828864,2285
12365,818145370475810820,2591
4896,817908911860748288,810
52069,817827839487737858,27295
10841,817777686764523521,2715
11864,817536400337801217,2988
0,817502432452313088,3420
34104,817423860136083457,14827
5644,817415592588222464,955
0,817181837579653120,8532
8843,817171292965273600,2042
12332,817120970343411712,2621
8672,817056546584727552,1657
0,816829038950027264,4755
10096,816816676327063552,2062
9877,816697700272001025,2213
30685,816450570814898180,8158
8677,816336735214911488,1960
9019,816091915477250048,2166
0,816062466425819140,1030
0,816014286006976512,5315
4989,815990720817401858,1030
22631,815966073409433600,8532
0,815745968457060357,4172
9932,815736392542261248,2281
8311,815639385530101762,1669
10461,815390420867969024,3837
7737,814986499976527872,1289
11382,814638523311648768,2726
0,814578408554463233,5903
8731,814530161257443328,1883
29045,814153002265309185,8770
0,813944609378369540,3221
9393,813910438903693312,1885
36777,813812741911748608,14136
8401,813800681631023104,1783
18833,813217897535406080,7371
9333,813202720496779264,1834
20090,813187593374461952,4408
9371,813172488309972993,1949
7860,813157409116065792,2233
8566,813142292504645637,2410
4521,813130366689148928,452
11973,813127251579564032,3168
10412,813112105746448384,2777
10689,813096984823349248,3665
9999,813081950185472002,2813
8040,813066809284972545,1978
21208,813051746834595840,7454
7658,812781120811126785,1924
6683,812709060537683968,1448
6149,812503143955202048,1235
8057,812466873996607488,1953
13805,812372279581671427,3704
7347,811985624773361665,1421
7636,811744202451197953,1621
5679,811647686436880384,751
12915,811627233043480576,3119
21162,811386762094317568,6465
5402,810984652412424192,1457
9123,810896069567610880,1795
11097,810657578271330305,2683
35677,810284430598270976,11446
14878,810254108431155201,3420
15729,809920764300447744,3993
0,809808892968534016,4955
7021,809448704142938112,1484
20166,809220051211603969,5673
13408,809084759137812480,3575
10245,808838249661788160,3082
8004,808733504066486276,2193
11457,808501579447930884,2639
43101,808344865868283904,21155
0,808134635716833280,6018
8907,808106460588765185,2233
12689,808001312164028416,3587
14772,807621403335917568,3672
119764,807106840509214720,56158
0,807059379405148160,7456
13251,807010152071229440,3919
75654,806629075125202948,35109
0,806620845233815552,5611
4955,806576416489959424,1975
10353,806542213899489280,2389
0,806242860592926720,11795
6519,806219024703037440,1213
0,805958939288408065,5444
8386,805932879469572096,1951
6648,805826884734976000,1857
0,805823200554876929,8143
5830,805520635690676224,1680
8906,805487436403003392,2556
7938,805207613751304193,1745
13877,804738756058218496,3865
6216,804475857670639616,2038
0,804413760345620481,3280
45058,804026241225523202,16384
10194,803773340896923648,2782
0,803692223237865472,7540
11085,803638050916102144,4200
7879,803380650405482500,1894
0,803321560782307329,5403
10163,803276597545603072,2491
9138,802952499103731712,2037
0,802624713319034886,2957
7202,802600418706604034,1489
9052,802572683846291456,2549
16433,802323869084381190,5916
6858,802265048156610565,1398
9199,802239329049477120,2662
0,802185808107208704,276
7863,801958328846974976,1742
1805,801854953262350336,240
8338,801538201127157760,2103
6138,801285448605831168,834
24783,801167903437357056,6018
0,801127390143516673,4005
8184,801115127852503040,2128
695,800859414831898624,98
0,800855607700029440,1634
10704,800751577355128832,2837
13289,800513324630806528,3033
9640,800459316964663297,2201
0,800443802682937345,4384
11296,800388270626521089,2851
0,800188575492947969,4005
15488,800141422401830912,2583
28763,800018252395122689,13365
0,799774291445383169,4761
8509,799757965289017345,2201
8176,799422933579902976,1957
0,799308762079035393,5549
10028,799297110730567681,2802
8180,799063482566066176,2501
13268,798933969379225600,4533
7603,798925684722855936,1463
0,798705661114773508,6743
0,798701998996647937,7906
0,798697898615730177,6622
0,798694562394996736,5038
0,798686750113755136,2370
0,798682547630837760,4792
0,798673117451325440,5630
0,798665375516884993,3971
0,798644042770751489,1881
0,798628517273620480,2008
0,798585098161549313,5788
0,798576900688019456,5935
0,798340744599797760,3393
10557,798209839306514432,2607
11748,797971864723324932,3156
14747,797545162159308800,4943
20226,797236660651966464,6681
227,797165961484890113,26
0,796904159865868288,9063
7800,796865951799083009,1950
11997,796759840936919040,3074
0,796563435802726400,7386
7676,796484825502875648,1783
11149,796387464403357696,4211
0,796177847564038144,14474
32670,796149749086875649,14474
5025,796125600683540480,1832
9218,796116448414461957,2452
8575,796080075804475393,2344
10948,796031486298386433,3764
50240,795464331001561088,23974
10204,795400264262053889,2918
16406,795076730285391872,5508
0,794983741416415232,3421
10368,794926597468000259,2336
0,794355576146903043,10449
9706,794332329137291264,2721
9346,794205286408003585,3371
17033,793962221541933056,4955
9351,793845145112371200,1896
0,793614319594401792,3181
8095,793601777308463104,1649
10806,793500921481273345,2410
24912,793286476301799424,9293
8815,793271401113350145,2427
20226,793256262322548741,8467
10650,793241302385262592,3347
9967,793226087023144960,2914
9049,793210959003287553,2837
15493,793195938047070209,5708
7029,793180763617361921,2030
9526,793165685325201412,2830
6261,793150605191548928,1723
6514,793135492858580992,2534
12830,793120401413079041,3978
14531,792913359805018113,4038
11454,792883833364439040,4332
7449,792773781206999040,1699
13626,792394556390137856,4351
7244,792050063153438720,1828
0,791821351946420224,21393
0,791784077045166082,9718
0,791780927877898241,3877
45712,791774931465953280,22493
11904,791672322847637504,3181
13312,791406955684368384,4172
8909,791312159183634433,2572
0,791026214425268224,4162
9952,790987426131050500,2167
16857,790946055508652032,4755
0,790723298204217344,2345
8330,790698755171364864,1952
20910,790581949425475584,7247
7930,790337589677002753,1909
12730,790277117346975746,3221
0,790227638568808452,3619
9379,789986466051088384,2345
0,789960241177853952,4174
10474,789903600034189313,4192
7591,789628658055020548,1792
6858,789599242079838210,1954
11870,789530877013393408,3421
8765,789314372632018944,2323
0,789280767834746880,5009
9224,789268448748703744,2638
9841,789137962068021249,2831
27766,788908386943430656,12641
27658,788765914992902144,10449
0,788552643979468800,7271
15734,788412144018661376,5335
7312,788178268662984705,2122
6199,788150585577050112,1303
0,788070120937619456,3471
6203,788039637453406209,1339
8726,787810552592695296,3088
10386,787717603741622272,2812
11028,787397959788929025,2879
7873,787322443945877504,1762
0,787111942498508800,6836
26940,786963064373534720,8072
0,786729988674449408,2451
18441,786709082849828864,6189
10724,786664955043049472,2589
9560,786595970293370880,3156
11012,786363235746385920,3547
8063,786286427768250368,2879
15431,786233965241827333,4789
1437,786051337297522688,156
0,786036967502913536,7093
11515,785927819176054784,3228
6774,785872687017132033,1833
7929,785639753186217984,2263
9228,785533386513321988,2019
6190,785515384317313025,1277
7339,785264754247995392,1653
12165,785170936622350336,4885
10214,784826020293709826,3280
9067,784517518371221505,2563
5766,784431430411685888,1284
20282,784183165795655680,8143
30061,784057939640352768,11235
30342,783839966405230592,10889
7428,783821107061198850,1996
10567,783695101801398276,3248
8546,783466772167098368,2273
17048,783391753726550016,5537
0,783347506784731136,5603
29435,783334639985389568,11795
8223,783085703974514689,2226
24342,782969140009107456,7456
7541,782747134529531904,1423
17423,782722598790725632,5444
7869,782598640137187329,1891
16801,782305867769217024,5620
0,782021823840026624,6261
11230,781955203444699136,3404
10516,781661882474196992,2739
4027,781655249211752448,1141
20915,781524693396357120,5611
7198,781308096455073793,2574
8516,781251288990355457,2095
9890,781163403222056960,2768
21809,780931614150983680,7386
7243,780858289093574656,2031
5528,780800785462489090,1312
12211,780601303617732608,3374
6354,780543529827336192,1753
0,780496263422808064,3721
0,780476555013349377,114
5342,780459368902959104,1085
8779,780192070812196864,2253
0,780092040432480260,2313
12275,780074436359819264,5012
19047,779834332596887552,7093
8868,779377524342161408,3132
0,779124354206535695,18424
14875,779056095788752897,4570
20117,778990705243029504,7249
0,778774459159379968,9964
873,778764940568104960,365
6943,778748913645780993,1322
5813,778650543019483137,1509
4667,778624900596654080,1016
13715,778408200802557953,4356
0,778396591732486144,12313
5882,778383385161035776,1109
10443,778286810187399168,3315
8563,778039087836069888,2663
6587,778027034220126208,1624
0,777953400541634568,3551
6381,777885040357281792,1637
11291,777684233540206592,2957
0,777641927919427584,4253
8799,777621514455814149,2515
14368,777189768882946048,4328
0,776819012571455488,13764
4915,776813020089548800,1213
8868,776477788987613185,2799
0,776249906839351296,9181
30066,776218204058357768,15961
9671,776201521193218049,2532
11833,776113305656188928,4384
1854,776088319444877312,151
0,775898661951791106,16610
11773,775842724423557120,2669
13944,775733305207554048,4005
13061,775729183532220416,4621
7443,775364825476165632,2988
10223,775350846108426240,3927
15633,775085132600442880,4761
8641,774757898236878852,1793
6767,774639387460112384,1741
21879,774314403806253056,5549
10773,773985732834758656,3879
6431,773922284943896577,1755
6632,773704687002451968,1636
5376,773670353721753600,1314
22211,773547596996571136,6195
0,773336787167145985,5108
23400,773308824254029826,7501
9513,773247561583001600,3266
10045,773191612633579521,4152
8599,772877495989305348,3890
8098,772826264096874500,2358
0,772615324260794368,3393
6533,772581559778025472,1701
6071,772193107915964416,1396
3818,772152991789019136,1134
3793,772117678702071809,743
2740,772114945936949249,470
4014,772102971039580160,946
6615,771908950375665664,1914
12047,771770456517009408,3393
8291,771500966810099713,2621
10517,771380798096281600,5108
0,771171053431250945,7490
9187,771136648247640064,2933
6264,771102124360998913,1449
6890,771014301343748096,1665
4942,770787852854652928,1203
5189,770772759874076672,1419
7359,770655142660169732,1773
6345,770414278348247044,2104
6263,770293558247038976,1480
0,770093767776997377,3059
7621,770069151037685760,2306
31441,769940425801170949,9598
6435,769695466921623552,1688
0,769335591808995329,7752
5407,769212283578875904,1727
14392,768970937022709760,6526
0,768909767477751808,2678
4209,768855141948723200,891
4137,768609597686943744,1205
5049,768596291618299904,1287
0,768554158521745409,5859
13659,768473857036525572,3439
10893,768193404517830656,3551
4754,767884188863397888,1385
16040,767754930266464257,5403
7519,767500508068192258,2341
12346,767191397493538821,3769
10194,767122157629476866,2861
0,766864461642756096,5637
5081,766793450729734144,1357
2619,766714921925144576,378
4021,766693177336135680,796
6010,766423258543644672,1592
6808,766313316352462849,1890
0,766078092750233600,2628
4232,766069199026450432,853
3747,766008592277377025,497
7244,765719909049503744,2156
5199,765669560888528897,1223
26659,765395769549590528,3387
7079,765371061932261376,2165
11641,765222098633691136,3393
6457,764857477905154048,1778
6026,764259802650378240,1500
760,763956972077010945,54
12587,763837565564780549,4162
5390,763183847194451968,1470
0,763167063695355904,3018
7365,763103485927849985,2296
12142,762699858130116608,3619
11228,762471784394268675,6409
10309,762464539388485633,4174
4807,762316489655476224,1124
31866,762035686371364864,15546
5404,761976711479193600,2006
0,761750502866649088,3918
4277,761745352076779520,863
49501,761672994376806400,29092
4122,761599872357261312,1191
0,761371037149827077,18054
5194,761334018830917632,1450
4491,761292947749015552,1086
5325,761227390836215808,1563
11329,761004547850530816,3471
3817,760893934457552897,977
6589,760656994973933572,1906
4979,760641137271070720,1294
7558,760539183865880579,3616
4221,760521673607086080,1384
26767,760290219849637889,11481
3948,760252756032651264,867
5696,760190180481531904,1802
0,760153949710192640,31
5943,759943073749200896,2079
14668,759923798737051648,5637
6733,759846353224826880,1966
5956,759793422261743616,1906
4693,759557299618865152,1181
8483,759447681597108224,2451
1672,759446261539934208,486
6075,759197388317847553,1943
0,759159934323924993,1153
14498,759099523532779520,4162
6478,759047813560868866,2006
3545,758854675097526272,893
11207,758828659922702336,3821
5729,758740312047005698,1611
3799,758474966123810816,998
4774,758467244762497024,2206
5212,758405701903519748,1906
3390,758355060040593408,1066
19030,758099635764359168,9964
2699,758041019896193024,373
6866,757741869644341248,3237
0,757729163776290825,7907
4539,757725642876129280,1208
4562,757611664640446465,1105
0,757597904299253760,299
4325,757596066325864448,1052
15105,757400162377592832,6838
5803,757393109802180609,1731
4511,757354760399941633,1415
6273,756998049151549440,1980
6639,756939218950160384,2001
5038,756651752796094464,1298
10392,756526248105566208,3566
3923,756303284449767430,1089
43880,756288534030475264,17659
6397,756275833623502848,1525
7309,755955933503782912,2868
16400,755206590534418437,5345
21143,755110668769038337,11044
0,754874841593970688,7879
6889,754856583969079297,2507
2585,754747087846248448,517
5274,754482103782404096,1948
3747,754449512966619136,729
7861,754120377874386944,2352
5829,753655901052166144,2161
7880,753420520834629632,3556
5742,753398408988139520,1893
7616,753375668877008896,2313
0,753298634498793472,5678
3362,753294487569522689,1035
37003,753039830821511168,20777
3913,753026973505581056,961
12598,752932432744185856,6836
6915,752917284578922496,1568
0,752701944171524096,2843
5986,752682090207055872,1585
4371,752660715232722944,1549
5479,752568224206688256,2272
7347,752519690950500352,3426
3803,752334515931054080,1089
0,752309394570878976,16176
5952,752173152931807232,1829
3048,751950017322246144,908
5177,751937170840121344,1324
5795,751830394383790080,1935
5804,751793661361422336,2885
7893,751598357617971201,3025
4378,751583847268179968,1095
5019,751538714308972544,1256
3204,751456908746354688,994
12460,751251247299190784,5846
6301,751205363882532864,1802
5048,751132876104687617,1292
4768,750868782890057730,1352
13128,750719632563142656,5009
4424,750506206503038976,1136
13121,750429297815552001,4253
4539,750383411068534784,1145
692,750381685133418496,27
3089,750147208377409536,956
3598,750132105863102464,1289
4313,750117059602808832,1301
3033,750101899009982464,835
2162,750086836815486976,528
7804,750071704093859840,3313
3149,750056684286914561,892
3167,750041628174217216,610
2712,750026558547456000,787
3236,750011400160841729,904
3059,749996283729883136,810
5098,749981277374128128,2449
4644,749774190421639168,1308
6088,749417653287129088,1629
2610,749403093750648834,530
8518,749395845976588288,3414
5479,749317047558017024,2219
5727,749075273010798592,2059
4785,749064354620928000,1509
3082,749036806121881602,788
10716,748977405889503236,3373
5782,748932637671223296,2227
2771,748705597323898880,943
4721,748699167502000129,1572
4225,748692773788876800,1321
6034,748575535303884801,1958
2189,748568946752774144,665
5194,748346686624440324,1220
7584,748337862848962560,4072
3663,748324050481647620,751
3647,748307329658011649,704
14043,748220828303695873,7722
5738,747963614829678593,2123
6561,747933425676525569,2514
2922,747885874273214464,966
2802,747844099428986880,745
4820,747816857231626240,1148
1376,747651430853525504,153
12802,747648653817413632,5795
2310,747600769478692864,552
3656,747594051852075008,1048
5503,747512671126323200,1595
3843,747461612269887489,1033
5381,747439450712596480,1899
0,747242308580548608,2885
5227,747219827526344708,1550
3355,747204161125646336,915
9494,747103485104099331,3932
2877,746906459439529985,294
5941,746872823977771008,2114
5288,746818907684614144,1724
4833,746790600704425984,1588
9509,746757706116112384,3877
6008,746726898085036033,1779
5000,746542875601690625,1863
0,746521445350707200,976
4620,746507379341139972,1074
6143,746369468511756288,1616
6862,746131877086527488,2178
3531,746056683365994496,803
3986,745789745784041472,1056
6955,745712589599014916,2306
7027,745433870967832576,2509
8501,745422732645535745,2419
7129,745314880350101504,2725
7773,745074613265149952,3454
7203,745057283344719872,2239
2949,744995568523612160,610
7812,744971049620602880,2656
5568,744709971296780288,1549
6729,744334592493166593,2086
155058,744234799360020481,77052
1651,744223424764059648,360
4134,743980027717509120,1083
3620,743895849529389061,952
0,743835915802583040,2050
4430,743609206067040256,1370
18196,743595368194129920,6463
3501,743545585370791937,932
7863,743510151680958465,3703
4191,743253157753532416,1213
6147,743222593470234624,1890
3801,743210557239623680,1343
7005,742534281772302336,3532
4370,742528092657332225,1944
7194,742465774154047488,3881
9724,742423170473463808,3721
6732,742385895052087300,1944
4298,742161199639494656,1351
5065,742150209887731712,1528
4499,741793263812808706,1495
8093,741743634094141440,2718
3653,741438259667034112,819
8695,741303864243200000,3164
9883,741099773336379392,5449
9421,741067306818797568,3059
6301,740995100998766593,2703
3371,740711788199743490,925
2821,740699697422163968,772
17994,740676976021798912,6743
34677,740373189193256964,13161
2431,740365076218183684,426
3263,740359016048689152,853
6621,740214038584557568,1942
19751,739979191639244800,5859
4011,739932936087216128,1063
3767,739844404073074688,848
3733,739623569819336705,1335
5335,739606147276148736,1636
39081,739544079319588864,20974
7077,739485634323156992,2894
114617,739238157791694849,57234
109,738891149612572673,6
3731,738885046782832640,1129
3268,738883359779196928,782
5026,738537504001953792,1516
3217,738402415918125056,818
4269,738184450748633089,1196
8670,738166403467907072,3308
2475,738156290900254721,632
5209,737826014890496000,1745
9882,737800304142471168,3419
4980,737678689543020544,1295
10132,737445876994609152,4402
3560,737322739594330112,803
14491,737310737551491075,7312
4205,736736130620620800,1702
17488,736392552031657984,7271
3921,736365877722001409,1227
8022,736225175608430592,2741
7795,736010884653420544,2939
3554,735991953473572864,1133
3983,735648611367784448,1086
6090,735635087207878657,2320
12862,735274964362878976,4964
3283,735256018284875776,868
3090,735137028879360001,961
2717,734912297295085568,518
12361,734787690684657664,6193
2469,734776360183431168,531
1461,734559631394082816,391
3531,733828123016450049,770
3622,733822306246479872,1009
3094,733482008106668032,938
4138,733460102733135873,1264
49573,733109485275860992,16610
2400,732732193018155009,527
3503,732726085725589504,879
3615,732585889486888962,768
7965,732375214819057664,2477
14693,732005617171337216,5315
3441,731285275100512256,980
3784,731156023742988288,1249
6062,730924654643314689,1946
4829,730573383004487680,2101
3440,730427201120833536,1029
3768,730211855403241472,1043
4772,730196704625098752,1867
3974,729854734790754305,1107
1698,729838605770891264,378
3920,729823566028484608,1229
5711,729463711119904772,2285
1849,729113531270991872,319
3097,728986383096946689,808
4611,728760639972315136,1673
2719,728751179681943552,667
3263,728653952833728512,1018
4841,728409960103686147,1968
3647,728387165835677696,946
4238,728046963732717569,1180
4503,728035342121635841,1644
4055,728015554473250816,1088
2922,727685679342333952,634
5794,727644517743104000,1718
4407,727524757080539137,1201
3289,727314416056803329,727
3006,727286334147182592,798
3861,727175381690781696,1362
3569,727155742655025152,1308
6767,726935089318363137,2408
3787,726887082820554753,1502
3511,726828223124897792,989
4362,726224900189511680,1123
6975,725842289046749185,2628
4109,725786712245440512,1349
5128,725729321944506368,1755
1393,725458796924002305,607
3678,724983749226668032,1287
2314,724771698126512129,625
5201,724405726123311104,1625
4262,724049859469295616,1749
2619,724046343203856385,545
4113,724004602748780546,1519
3830,723912936180330496,1216
7563,723688335806480385,2888
2966,723673163800948736,873
5228,723179728551723008,1831
4044,722974582966214656,1537
4891,722613351520608256,1611
4549,721503162398597120,1810
2493,721001180231503872,601
3069,720785406564900865,755
2422,720775346191278080,651
4063,720415127506415616,1475
6273,720389942216527872,2464
2822,720340705894408192,964
3802,720059472081784833,1106
4838,720043174954147842,1972
4771,719991154352222208,1716
4472,719704490224398336,1404
4967,719551379208073216,1872
2758,719367763014393856,729
4368,719339463458033665,1210
3379,719332531645071360,931
3430,718971898235854848,1058
5173,718939241951195136,1731
18596,718631497683582976,7906
2403,718613305783398402,475
2420,718540630683709445,999
2655,718460005985447936,515
4790,718454725339934721,1487
1880,718246886998687744,492
3808,718234618122661888,976
2417,717841801130979328,594
2835,717790033953034240,1090
5698,717537687239008257,1825
1591,717428917016076293,440
3117,717421804990701568,827
6200,717047459982213120,1899
3197,717009362452090881,947
4224,716802964044845056,1152
8043,716791146589110272,1554
1214,716730379797970944,418
12868,716447146686459905,5770
2343,716439118184652801,205
2728,716285507865542656,1039
6665,716080869887381504,1868
3143,715928423106027520,863
3663,715758151270801409,1412
4586,715733265223708672,1660
2750,715704790270025728,558
3855,715696743237730304,1270
4244,715680795826982913,1588
5393,715360349751484417,1536
2997,715342466308784130,684
2388,715220193576927233,638
5066,715200624753819648,1850
4093,715009755312439296,1208
3682,714982300363173890,1015
7244,714962719905021952,4190
4068,714957620017307648,1391
3229,714631576617938945,980
3581,714606013974974464,911
2648,714485234495041536,1110
2989,714258258790387713,712
3230,714251586676113411,823
2235,714214115368108032,856
4266,714141408463036416,1374
3246,713919462244790272,780
1867,713909862279876608,530
2796,713900603437621249,730
4793,713761197720473600,1350
4378,713411074226274305,1281
7119,713177543487135744,2789
4399,713175907180089344,1453
18797,712809025985978368,6622
12164,712717840512598017,4902
4126,712668654853337088,1198
5242,712438159032893441,1541
240,712309440758808576,25
3727,712097430750289920,1015
2903,712092745624633345,874
3229,712085617388212225,478
2236,712065007010385924,611
0,711998809858043904,125
7945,711968124745228288,2263
2801,711743778164514816,972
8714,711732680602345472,4045
32413,711694788429553666,18054
3804,711652651650457602,899
3600,711363825979756544,1115
3256,711306686208872448,725
2955,711008018775851008,602
4507,710997087345876993,1368
2512,710844581445812225,678
2651,710833117892898816,522
2276,710658690886586372,552
4735,710609963652087808,2335
4474,710588934686908417,1836
2350,710296729921429505,726
2121,710283270106132480,516
4475,710272297844797440,1233
2361,710269109699739648,1101
2864,710153181850935296,877
2718,710140971284037632,867
5415,710117014656950272,1965
3443,709918798883774466,1073
655,709901256215666688,99
3472,709852847387627521,1185
3501,709566166965075968,1186
3247,709556954897764353,1055
1476,709519240576036864,234
2193,709449600415961088,562
2585,709409458133323776,670
2382,709225125749587968,566
12361,709207347839836162,5699
2404,709198395643068416,636
1976,709179584944730112,663
2010,709158332880297985,410
4674,709042156699303936,1605
1777,708853462201716736,651
2940,708845821941387268,887
1662,708834316713893888,494
16249,708810915978854401,6817
2720,708738143638450176,799
2502,708711088997666817,708
2511,708479650088034305,670
3062,708469915515297792,802
15773,708400866336894977,9904
3534,708356463048204288,1297
2313,708349470027751425,726
4228,708149363256774660,1533
3338,708130923141795840,840
2660,708119489313951744,969
1921,708109389455101952,543
4337,708026248782585858,1902
3092,707995814724026368,1110
50,707983188426153984,2
2671,707969809498152960,954
3240,707776935007539200,944
2461,707741517457260545,607
4028,707738799544082433,2425
3354,707693576495472641,978
2543,707629649552134146,860
16755,707610948723478529,6261
2241,707420581654872064,688
2277,707411934438625280,590
3454,707387676719185920,1266
3237,707377100785885184,1076
2443,707315916783140866,632
2739,707297311098011648,773
2562,707059547140169728,663
2157,707038192327901184,778
4032,707021089608753152,1338
2287,707014260413456384,589
14404,706904523814649856,7752
2030,706901761596989440,586
3262,706681918348251136,964
2540,706644897839910912,1075
2128,706593038911545345,625
3440,706538006853918722,1410
3077,706516534877929472,1023
3405,706346369204748288,912
21044,706310011488698368,7818
1677,706291001778950144,473
2701,706265994973601792,923
3857,706169069255446529,2180
5098,706166467411222528,1581
1468,706153300320784384,381
3069,705975130514706432,723
3139,705970349788291072,884
2338,705898680587526145,542
1909,705786532653883392,511
3127,705591895322394625,1136
2920,705475953783398401,895
4377,705442520700944385,1603
3772,705428427625635840,1661
2973,705239209544720384,743
2556,705223444686888960,788
2117,705102439679201280,511
2158,705066031337840642,615
4225,704871453724954624,1102
2226,704859558691414016,533
5009,704847917308362754,1506
2611,704819833553219584,973
6569,704761120771465216,2885
2881,704499785726889984,1003
744,704491224099647488,78
3348,704480331685040129,1057
7895,704364645503647744,3507
1564,704347321748819968,347
1492,704134088924532736,453
1832,704113298707505153,565
2892,704054845121142784,905
1825,703774238772166656,453
3238,703769065844768768,1131
2550,703631701117943808,674
3797,703611486317502464,1510
3766,703425003149250560,1352
2415,703407252292673536,688
3476,703382836347330562,1129
1898,703356393781329922,382
1956,703268521220972544,544
7301,703079050210877440,3036
26044,703041949650034688,12313
2552,702932127499816960,716
1593,702899151802126337,448
3194,702684942141153280,1064
2176,702671118226825216,550
12108,702598099714314240,3389
2856,702539513671897089,947
3141,702332542343577600,1526
3243,702321140488925184,1030
2436,702276748847800320,759
4716,702217446468493312,1324
3417,701981390485725185,979
3802,701952816642965504,1012
3502,701889187134500865,1371
3381,701805642395348998,1652
2072,701601587219795968,445
2777,701570477911896070,914
2632,701545186879471618,603
12067,701214700881756160,5038
2194,700890391244103680,560
2570,700864154249383937,612
2431,700847567345688576,499
2415,700796979434098688,928
22561,700747788515020802,9181
2577,700518061187723268,786
2262,700505138482569216,560
4082,700462010979500032,1769
2606,700167517596164096,722
2218,700151421916807169,663
7458,700143752053182464,2678
2623,700062718104104960,684
2052,700029284593901568,580
3280,700002074055016451,1322
3029,699801817392291840,939
2206,699788877217865730,504
2707,699779630832685056,1218
1938,699775878809702401,597
10168,699691744225525762,4550
5883,699446877801091073,2584
2141,699434518667751424,509
1343,699423671849451520,320
2055,699413908797464576,622
1866,699370870310113280,434
3117,699323444782047232,853
2219,699088579889332224,625
2423,699079609774645248,647
2942,699072405256409088,1181
3705,699060279947165696,1775
2578,699036661657767936,1186
3303,698989035503689728,964
2649,698953797952008193,891
2511,698907974262222848,618
2439,698710712454139905,674
1433,698703483621523456,373
1281,698635131305795584,336
2296,698549713696649216,617
1829,698355670425473025,443
2247,698342080612007937,945
4707,698262614669991936,1973
16579,698195409219559425,5903
2780,698178924120031232,731
1499,697995514407682048,330
3248,697990423684476929,1283
2363,697943111201378304,666
2977,697881462549430272,1161
1722,697630435728322560,535
3120,697616773278015490,1000
2979,697596423848730625,1246
2024,697575480820686848,494
2033,697516214579523584,1099
2388,697482927769255936,662
3383,697463031882764288,1383
4644,697270446429966336,1851
3265,697259378236399616,991
3004,697255105972801536,1150
2486,697242256848379904,661
3137,696900204696625153,1008
2322,696894894812565505,674
4803,696886256886657024,1772
2418,696877980375769088,704
1473,696754882863349760,357
2045,696744641916489729,926
2350,696713835009417216,642
3863,696518437233913856,1693
1200,696490539101908992,140
2489,696488710901260288,1006
3168,696405997980676096,1143
1910,696100768806522880,644
2986,695816827381944320,1149
3130,695794761660297217,756
1841,695767669421768709,734
4509,695629776980148225,2064
4346,695446424020918272,1791
8570,695409464418041856,3526
3592,695314793360662529,1433
2599,695095422348574720,608
2811,695074328191332352,1081
1585,695064344191721472,583
2633,695051054296211456,783
2668,694925794720792577,909
2721,694905863685980160,927
35410,694669722378485760,14183
1484,694356675654983680,284
2007,694352839993344000,609
1562,694342028726001664,479
1981,694329668942569472,497
4117,694206574471057408,2011
2926,694183373896572928,917
3366,694001791655137281,1015
1853,693993230313091072,397
1728,693942351086120961,365
2655,693647888581312512,576
1335,693644216740769793,122
2509,693642232151285760,407
2410,693629975228977152,782
1516,693622659251335168,370
4994,693590843962331137,1932
1628,693582294167244802,242
1755,693486665285931008,628
3313,693280720173801472,1219
2353,693267061318012928,805
2192,693262851218264065,491
2841,693231807727280129,725
7793,693155686491000832,3172
1694,693109034023534592,602
1834,693095443459342336,452
2651,692919143163629568,742
2400,692905862751522816,856
1743,692901601640583168,594
2238,692894228850999298,786
2834,692828166163931137,874
6748,692752401762250755,3592
4313,692568918515392513,1514
3131,692535307825213440,1342
1812,692530551048294401,408
1468,692423280028966913,225
9268,692417313023332352,3420
2504,692187005137076224,809
2127,692158366030913536,778
1630,692142790915014657,388
3380,692041934689402880,1254
2857,692017291282812928,947
3918,691820333922455552,1637
8051,691793053716221953,4167
2824,691756958957883396,982
1938,691675652215414786,500
2369,691483041324204033,559
4002,691459709405118465,1125
2618,691444869282295808,841
19109,691416866452082688,7540
2540,691321916024623104,653
2937,691096613310316544,870
1703,691090071332753408,330
5839,690989312272396288,2832
3544,690959652130045952,1230
4051,690938899477221376,1926
3250,690932576555528194,1002
3743,690735892932222976,1252
2156,690728923253055490,509
2306,690690673629138944,809
1289,690649993829576704,275
293,690607260360429569,18
1938,690597161306841088,596
1871,690400367696297985,445
3221,690374419777196032,839
2642,690360449368465409,868
1495,690348396616552449,511
1659,690248561355657216,412
2758,690021994562220032,1016
2465,690015576308211712,724
3627,690005060500217858,1667
1404,689999384604450816,362
1449,689993469801164801,443
1353,689977555533848577,440
2418,689905486972461056,692
3013,689877686181715968,1149
2154,689835978131935233,739
3189,689661964914655233,921
10272,689659372465688576,3808
2209,689623661272240129,631
11525,689599056876867584,5447
2023,689557536375177216,451
3362,689517482558820352,1412
2236,689289219123089408,926
3231,689283819090870273,1088
1960,689280876073582592,698
1134,689275259254616065,242
2527,689255633275777024,1070
3047,689154315265683456,991
2002,689143371370250240,503
2684,688916208532455424,855
2093,688908934925697024,753
2076,688898160958271489,772
2222,688894073864884227,679
1365,688828561667567616,366
955,688804835492233216,191
2201,688789766343622656,654
2566,688547210804498433,688
2297,688519176466644993,717
9183,688385280030670848,4426
2218,688211956440801280,821
2120,688179443353796608,578
2798,688116655151435777,762
1715,688064179421470721,357
5394,687841446767013888,2472
2716,687826841265172480,1107
2454,687818504314159109,935
2376,687807801670897665,711
1741,687732144991551489,657
2407,687704180304273409,832
1918,687664829264453632,504
1879,687494652870668288,568
1583,687480748861947905,235
1967,687476254459715584,525
2041,687460506001633280,540
1871,687399393394311168,609
19921,687317306314240000,9063
4314,687312378585812992,1872
5374,687127927494963200,2241
2151,687124485711986689,499
5734,687109925361856513,2427
2320,687102708889812993,966
2212,687096057537363968,599
8543,686947101016735744,3150
3485,686760001961103360,1364
3435,686749460672679938,1438
4094,686730991906516992,1186
2793,686683045143953408,788
3670,686618349602762752,1350
1870,686606069955735556,538
1722,686394059078897668,682
3224,686386521809772549,868
2183,686377065986265092,557
2163,686358356425093120,660
3961,686286779679375361,1642
2195,686050296934563840,721
1137,686035780142297088,115
3050,686034024800862208,1129
2458,686007916130873345,404
1806,686003207160610816,614
2077,685973236358713344,515
1616,685943807276412928,584
7427,685906723014619143,2840
2009,685681090388975616,123
2338,685667379192414208,558
3199,685663452032069632,1435
2912,685641971164143616,770
32588,685547936038666240,15419
3004,685532292383666176,1144
9358,685325112850124800,3917
2624,685321586178670592,628
3277,685315239903100929,1029
2049,685307451701334016,438
3062,685268753634967552,1187
2317,685198997565345792,661
4065,685169283572338688,1409
2366,684969860808454144,363
6756,684959798585110529,3080
3180,684940049151070208,1035
3458,684926975086034944,456
3478,684914660081053696,1432
1853,684902183876321280,521
2064,684880619965411328,798
34642,684830982659280897,21393
2710,684800227459624960,989
8811,684594889858887680,3459
4074,684588130326986752,1389
2981,684567543613382656,1192
2621,684538444857667585,937
3850,684481074559381504,1156
1955,684460069371654144,556
8041,684241637099323392,3234
1213,684225744407494656,206
3777,684222868335505415,1352
2127,684200372118904832,1021
1883,684195085588783105,503
3460,684188786104872960,1159
1993,684177701129875456,657
2953,684147889187209216,1496
1983,684122891630342144,463
4071,684097758874210310,1412
3765,683857920510050305,1109
1918,683852578183077888,340
2581,683849932751646720,951
2597,683834909291606017,1096
2766,683828599284170753,1053
3311,683773439333797890,1331
6398,683742671509258241,3251
7256,683515932363329536,2843
3141,683498322573824003,951
2631,683481228088049664,986
2401,683462770029932544,663
3847,683449695444799489,1582
7553,683391852557561860,2371
2872,683357973142474752,903
2838,683142553609318400,1029
3367,683111407806746624,895
2143,683098815881154561,647
1968,683078886620553216,552
2142,683030066213818368,729
36393,682962037429899265,16319
1760,682808988178739200,166
2450,682788441537560576,1093
1503,682750546109968385,429
1305,682697186228989953,355
3028,682662431982772225,1064
2055,682638830361513985,590
3398,682429480204398592,1138
7467,682406705142087680,1743
2211,682393905736888321,658
1639,682389078323662849,451
3020,682303737705140231,958
4083,682259524040966145,1183
3211,682242692827447297,1145
18026,682088079302213632,9718
4878,682059653698686977,1656
3158,682047327939461121,922
6500,682032003584274432,1973
3089,682003177596559360,1500
2779,681981167097122816,1019
2442,681891461017812993,804
12656,681694085539872773,4005
1750,681679526984871937,432
2611,681654059175129088,912
1881,681610798867845120,459
3514,681579835668455424,1281
14121,681523177663676416,5678
1629,681340665377193984,275
9173,681339448655802368,4031
2616,681320187870711809,730
3893,681302363064414209,1790
3174,681297372102656000,940
3197,681281657291280384,1087
1441,681261549936340994,267
1469,681242418453299201,523
2380,681231109724700672,477
3652,681193455364796417,1459
2396,680970795137544192,646
4533,680959110691590145,1976
3168,680940246314430465,1036
2063,680934982542561280,428
2374,680913438424612864,612
1740,680889648562991104,358
3418,680836378243002368,1299
2133,680805554198020098,656
2353,680801747103793152,807
2816,680798457301471234,1013
2598,680609293079592961,689
3576,680583894916304897,1312
4186,680497766108381184,1876
1696,680494726643068929,478
2512,680473011644985345,735
1426,680440374763077632,494
1449,680221482581123072,290
2793,680206703334408192,1146
2113,680191257256136705,491
3844,680176173301628928,1524
2295,680161097740095489,723
3562,680145970311643136,1709
2259,680130881361686529,926
2682,680115823365742593,889
3524,680100725817409536,1348
12650,680085611152338944,8842
2549,680070545539371008,846
1960,679877062409191424,640
2158,679872969355714560,652
2418,679862121895714818,604
2811,679854723806179328,1205
2336,679844490799091713,747
35744,679828447187857408,13764
3054,679777920601223168,1081
2067,679736210798047232,777
2138,679729593985699840,809
1636,679722016581222400,459
4722,679530280114372609,2044
2600,679527802031484928,710
3308,679511351870550016,1244
3128,679503373272485890,1439
2064,679475951516934144,626
31074,679462823135686656,18424
2336,679405845277462528,1177
20922,679158373988876288,7879
2731,679148763231985668,1007
2926,679132435750195208,1132
5863,679111216690831360,2532
16661,679062614270468097,7907
2208,679047485189439488,650
2780,679001094530465792,1196
2258,678991772295516161,1132
1616,678969228704284672,447
2521,678800283649069056,878
3397,678798276842360832,1135
2760,678774928607469569,883
3461,678767140346941444,1328
1604,678764513869611008,464
6972,678755239630127104,3204
3687,678740035362037760,1638
5501,678708137298427904,2373
2806,678675843183484930,1425
2009,678643457146150913,394
3924,678446151570427904,1504
5372,678424312106393600,2482
4131,678410210315247616,1765
77791,678399652199309312,31021
1564,678396796259975168,405
1832,678389028614488064,412
2389,678380236862578688,889
1700,678341075375947776,524
1284,678334497360859136,247
11214,678278586130948096,5947
1560,678255464182861824,356
1875,678023323247357953,374
13347,678021115718029313,6184
3347,677961670166224897,1644
1314,677918531514703872,397
4723,677895101218201600,2016
2992,677716515794329600,958
3318,677700003327029250,1412
1206,677698403548192770,311
2437,677687604918272002,828
3266,677673981332312066,1461
1909,677662372920729601,928
1815,677644091929329666,779
2086,677573743309385728,685
1274,677565715327688705,452
2393,677557565589463040,1122
6793,677547928504967168,3587
1042,677530072887205888,222
2978,677335745548390400,1727
1316,677334615166730240,278
1063,677331501395156992,231
3560,677328882937298944,1462
1607,677314812125323265,520
1206,677301033169788928,391
1932,677269281705472000,689
3466,677228873407442944,1595
2678,677187300187611136,894
2709,676975532580409345,1040
2187,676957860086095872,791
1272,676949632774234114,384
2107,676948236477857792,843
1690,676946864479084545,359
2023,676942428000112642,729
12408,676936541936185344,4792
2911,676916996760600576,1763
2196,676897532954456065,707
2047,676864501615042560,688
22351,676821958043033607,15118
1775,676819651066732545,647
1389,676811746707918848,412
4872,676776431406465024,1969
2813,676617503762681856,930
1053,676613908052996102,195
1842,676606785097199616,418
1133,676603393314578432,372
4439,676593408224403456,2098
894,676590572941893632,117
2253,676588346097852417,757
1161,676582956622721024,265
2511,676575501977128964,1083
1824,676533798876651520,536
1480,676496375194980353,517
11299,676470639084101634,4525
1675,676440007570247681,641
1359,676430933382295552,330
2028,676263575653122048,525
1174,676237365392908289,279
74355,676219687039057920,30089
1688,676215927814406144,556
2220,676191832485810177,1001
1867,676146341966438401,641
2101,676121918416756736,1125
2746,676101918813499392,1131
2914,676098748976615425,1373
1274,676089483918516224,424
1565,675898130735476737,555
2062,675891555769696257,826
2307,675888385639251968,926
4060,675878199931371520,1356
1573,675870721063669760,548
2609,675853064436391936,1248
915,675849018447167488,138
2203,675845657354215424,848
1476,675822767435051008,518
1015,675820929667219457,227
9943,675798442703122432,3303
1582,675781562965868544,451
1131,675740360753160193,329
1827,675710890956750848,787
1909,675707330206547968,659
626,675706639471788032,90
1775,675534494439489536,396
1148,675531475945709568,367
1009,675522403582218240,276
1247,675517828909424640,451
16620,675501075957489664,5629
3031,675497103322386432,1241
1252,675489971617296384,573
1786,675483430902214656,943
1468,675432746517426176,549
1629,675372240448454658,499
1022,675362609739206656,221
31446,675354435921575936,16176
3791,675349384339542016,2187
2671,675334060156301312,1238
3451,675166823650848770,1528
6029,675153376133427200,2477
3629,675149409102012420,1619
910,675147105808306176,221
1141,675146535592706048,285
2058,675145476954566656,856
1263,675135153782571009,463
1880,675113801096802304,756
925,675111688094527488,242
2701,675109292475830276,1091
1030,675047298674663426,307
2610,675015141583413248,1136
943,675006312288268288,211
1504,675003128568291329,446
2164,674999807681908736,1064
832,674805413498527744,342
2905,674800520222154752,818
2418,674793399141146624,1046
1064,674790488185167872,241
785,674788554665512960,203
1936,674781762103414784,1147
1072,674774481756377088,452
1757,674767892831932416,751
766,674764817387900928,229
1319,674754018082705410,425
1414,674752233200820224,447
1350,674743008475090944,526
467,674742531037511680,49
1061,674739953134403584,372
621,674737130913071104,84
1105,674690135443775488,454
1550,674670581682434048,618
883,674664755118911488,238
1379,674646392044941312,470
996,674644256330530816,259
1631,674638615994089473,559
1451,674632714662858753,551
905,674606911342424069,93
5991,674468880899788800,1940
1027,674447403907457024,345
1072,674436901579923456,369
1376,674422304705744896,518
666,674416750885273600,131
1156,674410619106390016,441
1461,674394782723014656,550
822,674372068062928900,303
544,674330906434379776,72
1356,674318007229923329,499
10927,674307341513269249,6657
14130,674291837063053312,5602
1509,674271431610523648,700
879,674269164442398721,220
1577,674265582246694913,805
1258,674262580978937856,431
1404,674255168825880576,519
734,674082852460433408,161
955,674075285688614912,271
6121,674063288070742018,2094
3163,674053186244734976,1233
1396,674051556661161984,468
1347,674045139690631169,612
691,674042553264685056,121
1064,674038233588723717,401
821,674036086168010753,196
1708,674024893172875264,1170
1083,674019345211760640,289
1500,674014384960745472,608
1148,674008982932058114,339
1878,673956914389192708,911
1122,673919437611909120,353
3048,673906403526995968,1555
904,673887867907739649,242
2963,673716320723169284,715
3403,673715861853720576,1967
997,673711475735838725,284
801,673709992831262724,258
1031,673708611235921920,273
1058,673707060090052608,372
1210,673705679337693185,390
1374,673700254269775872,539
3806,673697980713705472,1874
1668,673689733134946305,615
1211,673688752737402881,472
1378,673686845050527744,412
1314,673680198160809984,439
1201,673662677122719744,349
692,673656262056419329,223
1057,673636718965334016,343
1533,673612854080196609,683
1145,673583129559498752,340
798,673580926094458881,263
1331,673576835670777856,537
985,673363615379013632,289
1388,673359818736984064,641
1437,673355879178194945,544
1593,673352124999274496,513
720,673350198937153538,198
2409,673345638550134785,1200
926,673343217010679808,258
1215,673342308415348736,545
12878,673320132811366400,7490
841,673317986296586240,244
7204,673295268553605120,3018
1032,673270968295534593,346
1367,673240798075449344,683
2148,673213039743795200,800
1626,673148804208660480,593
1888,672997845381865473,676
910,672995267319328768,273
947,672988786805112832,272
1205,672984142909456390,516
1747,672980819271634944,960
1599,672975131468300288,856
912,672970152493887488,339
1271,672968025906282496,516
1369,672964561327235073,614
1312,672902681409806336,467
864,672898206762672129,403
1481,672884426393653248,801
992,672877615439593473,332
1256,672834301050937345,537
1201,672828477930868736,463
939,672640509974827008,300
1240,672622327801233409,463
1178,672614745925664768,552
1065,672609152938721280,372
1064,672604026190569472,380
1279,672594978741354496,585
914,672591762242805761,320
695,672591271085670400,177
991,672538107540070400,344
602,672523490734551040,160
1062,672488522314567680,411
1079,672482722825261057,567
689,672481316919734272,122
1388,672475084225949696,665
1298,672466075045466113,505
6172,672272411274932228,3194
1421,672267570918129665,587
1090,672264251789176834,321
2702,672256522047614977,1461
1376,672254177670729728,705
1664,672248013293752320,569
656,672245253877968896,146
859,672239279297454080,306
1749,672231046314901505,957
753,672222792075620352,202
2161,672205392827572224,1093
977,672169685991993344,349
837,672160042234327040,339
1662,672139350159835138,655
2285,672125275208069120,1082
956,672095186491711488,351
903,672082170312290304,346
1239,672068090318987265,486
8135,671896809300709376,3971
1260,671891728106971137,541
3307,671882082306625538,1317
1351,671879137494245376,632
1199,671874878652489728,522
1073,671866342182637568,466
864,671855973984772097,414
6746,671789708968640512,3287
1147,671768281401958400,470
1595,671763349865160704,852
1296,671744970634719232,719
721,671743150407421952,226
1381,671735591348891648,717
8120,671729906628341761,4126
12205,671561002136281088,6865
867,671550332464455680,199
1291,671547767500775424,559
1872,671544874165002241,998
1044,671542985629241344,536
891,671538301157904385,368
1114,671536543010570240,385
977,671533943490011136,548
804,671528761649688577,245
1336,671520732782923777,501
908,671518598289059840,283
1523,671511350426865664,668
6677,671504605491109889,3366
882,671497587707535361,424
955,671488513339211776,453
553,671486386088865792,184
726,671485057807351808,222
1378,671390180817915904,708
1058,671362598324076544,285
383,671357843010908160,146
464,671355857343524864,113
917,671347597085433856,406
701,671186162933985280,197
1072,671182547775299584,319
835,671166507850801152,327
1567,671163268581498880,1036
351,671159727754231808,75
681,671154572044468225,206
639,671151324042559489,143
639,671147085991960577,202
1097,671141549288370177,620
879,671138694582165504,376
712,671134062904504320,181
3324,671122204919246848,2373
1303,671115716440031232,737
1095,671109016219725825,413
1060,670995969505435648,279
23566,670842764863651840,8238
560,670840546554966016,183
1058,670838202509447168,655
419,670833812859932673,115
698,670832455012716544,206
5270,670826280409919488,3853
738,670823764196741120,176
579,670822709593571328,91
3029,670815497391357952,1458
1074,670811965569282048,256
1113,670807719151067136,464
1869,670804601705242624,909
327,670803562457407488,84
704,670797304698376195,223
786,670792680469889025,259
631,670789397210615808,224
571,670786190031921152,192
788,670783437142401025,365
1481,670782429121134593,729
759,670780561024270336,273
319,670778058496974848,70
1036,670764103623966721,400
423,670755717859713024,101
916,670733412878163972,486
797,670727704916926465,338
1139,670717338665226240,458
736,670704688707301377,353
563,670691627984359425,231
718,670679630144274432,269
236,670676092097810432,39
10194,670668383499735048,4742
1444,670474236058800128,703
340,670468609693655041,82
930,670465786746662913,514
526,670452855871037440,193
1153,670449342516494336,617
6424,670444955656130560,1881
621,670442337873600512,189
1011,670435821946826752,486
1343,670434127938719744,613
316,670433248821026816,106
1320,670428280563085312,585
498,670427002554466305,150
1249,670421925039075328,601
592,670420569653809152,298
546,670417414769758208,305
1930,670411370698022913,842
531,670408998013820928,208
408,670403879788544000,144
541,670385711116361728,191
717,670374371102445568,252
316,670361874861563904,61
407,670338931251150849,101
3721,670319130621435904,1153
416,670303360680108032,123
665,670290420111441920,268
985,670093938074779648,316
669,670086499208155136,240
2118,670079681849372674,1158
1487,670073503555706880,747
595,670069087419133954,225
730,670061506722140161,313
637,670055038660800512,308
618,670046952931721218,162
719,670040295598354432,105
569,670037189829525505,258
317,670003130994700288,85
311,669993076832759809,79
422,669972011175813120,148
288,669970042633789440,54
482,669942763794931712,150
361,669926384437997569,92
224,669923323644657664,53
771,669753178989142016,374
253,669749430875258880,63
493,669684865554620416,86
370,669683899023405056,102
339,669682095984410625,128
640,669680153564442624,268
774,669661792646373376,410
3361,669625907762618368,1709
910,669603084620980224,341
491,669597912108789760,142
1424,669583744538451968,873
418,669573570759163904,130
1519,669571471778410496,959
226,669567591774625800,52
373,669564461267722241,116
344,669393256313184256,69
1267,669375718304980992,686
474,669371483794317312,168
440,669367896104181761,142
596,669363888236994561,215
354,669359674819481600,113
2569,669354382627049472,1212
602,669353438988365824,245
413,669351434509529089,169
973,669328503091937280,395
550,669327207240699904,114
476,669324657376567296,196
1144,669216679721873412,384
420,669214165781868544,150
959,669203728096960512,441
626,669037058363662336,295
711,669015743032369152,352
554,669006782128353280,230
19963,669000397445533696,6028
423,668994913074286592,211
714,668992363537309700,320
642,668989615043424256,312
865,668988183816871936,437
528,668986018524233728,155
515,668981893510119424,284
763,668979806671884288,329
1245,668975677807423489,551
139,668967877119254528,21
672,668960084974809088,230
264,668955713004314625,67
250,668932921458302977,54
303,668902994700836864,94
384,668892474547511297,140
506,668872652652679168,286
432,668852170888998912,151
417,668826086256599040,126
536,668815180734689280,248
677,668779399630725120,349
499,668655139528511488,206
834,668645506898350081,502
835,668643542311546881,500
1020,668641109086707712,510
993,668636665813057536,465
2671,668633411083464705,1515
677,668631377374486528,301
300,668627278264475648,108
365,668625577880875008,121
1358,668623201287675904,709
190,668620235289837568,38
588,668614819948453888,300
1586,668587383441514497,1012
230,668567822092664832,49
490,668544745690562560,213
432,668542336805281792,200
242,668537837512433665,67
441,668528771708952576,210
311,668507509523615744,98
391,668496999348633600,124
408,668484198282485761,220
437,668480044826800133,139
852,668466899341221888,482
599,668297328638447616,280
231,668291999406125056,29
480,668286279830867968,129
782,668274247790391296,222
531,668268907921326080,222
1231,668256321989451776,568
923,668248472370458624,453
5897,668237644992782336,2677
284,668226093875376128,96
494,668221241640230912,186
533,668204964695683073,184
616,668190681446379520,190
464,668171859951755264,183
473,668154635664932864,294
549,668142349051129856,264
639,668113020489474048,222
1190,667937095915278337,753
280,667924896115245057,108
199,667915453470232577,53
469,667911425562669056,281
818,667902449697558528,359
1780,667886921285246976,1014
779,667885044254572545,446
375,667878741721415682,111
597,667873844930215936,383
2885,667866724293877760,976
230,667861340749471744,74
284,667832474953625600,59
1009,667806454573760512,462
314,667801013445750784,92
670,667793409583771648,311
395,667782464991965184,232
223,667773195014021121,52
420,667766675769573376,204
362,667728196545200128,143
459,667724302356258817,304
0,667550904950915073,32
0,667550882905632768,32
5497,667549055577362432,2121
325,667546741521195010,115
817,667544320556335104,494
195,667538891197542400,61
781,667534815156183040,494
446,667530908589760512,224
1612,667524857454854144,1054
351,667517642048163840,181
6463,667509364010450944,2008
514,667502640335572993,211
498,667495797102141441,249
499,667491009379606528,211
242,667470559035432960,90
182,667455448082227200,56
296,667453023279554560,84
746,667443425659232256,543
427,667437278097252352,223
295,667435689202614272,79
446,667405339315146752,211
184,667393430834667520,52
350,667369227918143488,153
463,667211855547486208,224
582,667200525029539841,245
364,667192066997374976,92
710,667188689915760640,375
13564,667182792070062081,5788
183,667177989038297088,51
579,667176164155375616,429
233,667174963120574464,73
209,667171260800061440,77
2546,667165590075940865,1054
241,667160273090932737,59
45231,667152164079423490,15888
4341,667138269671505920,2050
317,667119796878725120,122
316,667090893657276420,117
379,667073648344346624,112
79,667070482143944705,13
159,667065535570550784,41
208,667062181243039745,49
174,667044094246576128,46
423,667012601033924608,210
229,666996132027977728,84
2414,666983947667116034,915
763,666837028449972224,517
200,666835007768551424,75
241,666826780179869698,87
483,666817836334096384,236
218,666804364988780544,85
710,666786068205871104,454
363,666781792255496192,177
328,666776908487630848,161
222,666739327293083650,61
406,666701168228331520,203
174,666691418707132416,45
1055,666649482315059201,577
220,666644823164719104,76
485,666454714377183233,199
97,666447344410484738,18
114,666437273139982337,42
158,666435652385423360,47
293,666430724426358785,177
154,666428276349472768,76
295,666421158376562688,105
113,666418789513326592,42
408,666411507551481857,295
99,666407126856765440,32
156,666396247373291520,75
172,666373753744588802,82
720,666362758909284353,516
197,666353288456101888,64
274,666345417576210432,128
180,666337882303524864,83
464,666293911632134144,317
135,666287406224695296,60
160,666273097616637952,70
96,666268910803644416,32
13545,666104133288665088,5935
70,666102155909144576,11
142,666099513787052032,58
153,666094000022159362,66
103,666082916733198337,41
296,666073100786774016,145
135,666071193221509120,52
448,666063827256086533,195
105,666058600524156928,53
268,666057090499244032,124
407,666055525042405380,219
1119,666051853826850816,770
124,666050758794694657,51
96,666049248165822465,40
270,666044226329800704,130
111,666033412701032449,41
120,666029285002620928,42
2392,666020888022790149,460
